1925,1926,1927,1928,1929,1930,1931,1932,1933,1934,1935,1936,1937,1938,1939,1940,1941,1942,1943,1944,1945,1946,1947,1948,1949,1950,1951,1952,1953,1954,1955,1956,1957,1958,1959,1960,1961,1962,1963,1964,1965,1966,1967,1968,1969,1970,1971,1972,1973,1974,1975,1976,1977,1978,1979,1980,1981,1982,1983,1984,1985,1986,1987,1988,1989,1990,1991,1992,1993,1994,1995,1996,1997,1998,1999,2000,2001,2002,2003,2004,2005,2006,2007,2008,2009,2010,2011,2012,2013
2900,3000,"3,152","3,674",4000,4500,5000,5500,6000,6500,6250,6750,7000,7250,"7,248","6,446","5,166","4,096","4,036","3,044","3,646","3,948","4,432","4,679","5,036","4,454","4,416","4,646","4,879","5,255","5,222","5,407","5,224","5,543","5,449","5,369","5,540","5,521","5,083","4,586","4,377","4,056","3,881","4,017","4,140","3,790","3,823",344,"3,693",4259,"4,420","3,032","2,919","5,529","5,464","6,368","7,199","8,581","9,641","10,246","10,749","11,504","12,602","12,357","13,575","15,365","16,400","16,938","18,169","19,074","20,130","21,108","21,680","22,214","24,109","26,034","26,138","27,532","27,272","25,257","27,003","27,526","28,605","29,694","30,723","30,739","31,271","31,437","31,354"
0,0,0,0,0,0,0,0,0,0,0,0,0,0,0,0,0,0,0,0,0,0,0,0,0,0,0,0,0,0,0,0,0,0,0,0,0,0,0,0,0,0,0,0,0,0,191,183,174,175,207,255,293,490,532,571,713,872,"1,072","1,293","1,530","1,666","1,767","1,862","1,908","1,851","1,840","1,944","2,703","1,934","2,042","2,335","2,571","2,541","2,325","2,128","2,196","2,577","2,629","2,632","2,781","3,116","3,072","2,966","2,508","2,775","2,894","2,974","2,682"
473,444,483,534,509,539,587,677,615,572,613,688,696,709,801,796,726,653,603,603,645,784,941,964,894,878,900,931,994,"1,007","1,055","1,118","1,238","1,392","1,493","1,516","1,592","1,679","1,728","1,627","1,694","1,627","1,596","1,692","1,714","1,461","1,401","1,529","1,691","2,101","2,647","2,850","2,982","3,450","3,737","4,360","5,199","6,048","6,743","7,646","8,273","9,038","10,558","11,578","12,726","13,781","14,843","15,850","17,160","19,005","20,291","21,523","22,353","23,500","23,944","25,412","26,463","28,008","29,722","31,106","31,411","33,557","35,490","37,188","38,529","38,423","38,370","38,402","39,062"
"1,297","1,231","1,241","1,124","1,153","1,312","1,374",916,"1,417","1,699","1,872","1,859","1,917","1,896","2,015","1,904","1,611","1,599","1,425","1,100","1,140","1,252","1,446","1,442","1,595","1,541","1,471","1,483","1,470","1,665","1,751","1,721","1,776","1,849","1,911","2,016","2,076","2,066","2,000","1,992","1,970","1,864","1,651",1650,1650,1650,"1,658","1,619","1,679","1,938","2,162","2,431","2,386","2,578","2,980","2,911","3,328","3,922","4,246","4,482","4,611","4,701","5,441","5,519","6,546","7,274","7,722","8,195","7,984","8,831","8,520","8,992","9,936","10,561","11,336","11,851","12,496","12,999","13,244","13,668","13,383","13,713","14,310","14,660","15,144","16,147","16,037","14,615","17,159"
"5,285","5,794","6,049","6,815","7,071","7,116","7,515","8,333","9,042","9,156","8,578","8,108","8,108","8,619",8719,"8,182","7,201","6,018","5,729","5,710","6,628","7,373","8,547","9,563","10,377","11,056","11,464","12,612","13,365","14,572","15,230","15,532","16,918","19,202","19,299","21,660","23,927","24,032","26,133","26,483","26,325","27,467","27,741","28,435","27,535","25,033","17,474","16,970","19,794","21,897","17,296","18,113","17,338","19,550","21,260","23,264","27,913","33,583","38,025","41,652","48,326","57,725","64,812","73,780","84,338","94,122","98,515","98,515","98,515","121,570","131,745","142,865","152,739","159,109","160,517","160,412","157,295","159,984","162,678","164,933","168,982","173,942","172,856","172,583","170,131","164,213","149,025","134,211","135,981"
"1,185","1,129","1,258","1,209","1,250","1,331","1,382","1,348","1,257","1,312","1,321","1,359","1,437","1,639","1,749","1,556","1,536","1,386","1,303","1,174","1,211","1,331","1,389","1,456","1,362","1,490","1,446","1,520","1,597","1,783","1,800","1,912","2,006","1,972","2,012","2,078","2,149","2,356","2,594","2,666","2,766","2,540","2,514","2,338","2,107","2,066","1,957","1,925","1,894","1,968","2,039","2,239","2,311","2,474","2,658","2,609","2,770","3,042","3,244","3,231","3,386","3,804","4,808","5,765","6,908","7,671","8,392","8,997","9,462","10,717","11,063","12,438","13,461","14,312","15,670","16,833","17,448","18,833","19,671","20,293","21,456","22,481","22,841","23,274","22,795","22,815","21,978","20,462","20,371"
948,920,"1,005","1,097","1,210","1,328","1,342","1,366","1,267","1,238","1,299","1,243","1,204","1,174","1,166","1,146","1,055","1,163","1,175","1,115","1,023","1,045","1,078","1,084","1,087","1,020","1,081","1,093","1,173","1,188","1,260","1,263","1,329","1,565","1,500","1,497","1,639","1,653","1,652","1,716","1,642","1,599","1,587","1,444","1,630","1,568","1,938","1,818","1,663","1,464","1,849","1,923","1,647","1,863","2,139","2,750","3,348","3,129","3,577","3,748","4,043","4,326","4,637","4,723","6,309","7,771","8,585","8,794","10,508","10,500","10,419","11,371","11,920","12,193","13,032","13,155","13,276","14,082","13,587","13,240","13,121","13,746","14,397","14,271","13,466","13,308","12,549","11,961","12,162"
200,225,250,275,300,332,340,238,510,470,525,521,,491,435,386,168,151,130,135,153,169,189,178,157,158,161,153,151,165,172,226,213,226,232,226,240,206,208,281,315,270,308,400,555,596,186,279,325,436,582,684,695,"1,005","1,088","1,087","1,248","1,513","1,579","1,546","1,759","1,956","2,159","2,207","2,284","2,241","2,473","2,705","2,781","2,844","3,014","3,119","3,264","3,211","3,730","3,937","4,033","3,659","4,122","4,087","3,972","4,195","4,201","4,067","3,971","3,961","4,003","4,129","4,112"
"1,427","1,910","2,503","1,648","1,592","1,985","2,985","2,951","3,050","3,041","2,849","3,233","3,254","3,578","3,753","3,648","3,799","3,005","2,521","2,415","2,525","2,952","3,460","3,761","3,851","3,973","3,860","3,894","3,878","4,343","4,830","5,107","5,668","6,374","6,802","7,084","7,615","7,599","6,751","6,725","6,995","6,972","7,261","7,946","8,512","9,187","9,653","10,382","10,376","11,217","15,315","17,793","18,917","21,243","19,407","20,211","23,200","27,139","25,393","26,759","28,482","32,228","32,360","34,681","39,966","44,380","46,531","48,285","52,883","57,153","63,866","63,746","64,574","67,193","69,594","71,318","72,404","75,204","82,003","85,530","89,766","92,874","98,219","102,388","103,915","104,306","103,055","101,930","103,028"
"3,007","2,945","3,184","3,424",3500,3550,3600,4000,4250,4500,4750,4500,5000,5250,"5,303","5,085","4,731","3,993","3,309","3,153","3,585","3,693","4,187","4,269","4,449","4,545","4,542","4,719","5,185","5,442","5,701","5,908","6,285","6,824","6,963","6,985","6,851","7,051","7,350","7,309","5,966","5,385","5,300","5,175","5,084","5,113","6,777","8,225","8,310","9,289","10,421","11,025","11,243","10,833","11,666","11,922","12,377","14,038","14,935","14,596","15,363","15,850","17,724","18,018","19,619","21,671","23,009","24,848","27,079","32,523","34,168","34,328","35,787","38,758","42,008","44,141","45,904","47,424","47,200","51,089","48,741","52,781","54,232","52,705","55,516","54,685","53,955","53,990","53,478"
0,0,0,0,0,0,0,0,0,0,0,0,0,0,0,0,0,0,0,0,0,0,0,0,0,0,0,0,0,0,0,0,0,0,509,558,583,536,490,504,463,423,364,296,256,228,254,300,295,309,336,327,374,486,539,624,757,903,"1,065","1,330","1,428","1,521","1,532","1,510","1,757","1,708","1,766","2,222","2,330","2,392","2,590","2,954","3,448","3,670","3,817","3,553","3,670","3,840","4,167","4,174","4,422","4,373","4,367","4,304","4,119","3,939","3,910","3,819","3,618"
347,382,396,418,381,403,330,274,246,249,300,305,325,283,430,409,241,175,148,201,194,257,326,381,479,514,469,450,464,511,520,526,538,587,509,549,552,516,512,476,481,477,391,328,348,411,362,377,426,525,580,682,752,802,830,817,957,"1,044","1,187","1,253","1,344","1,448","1,435","1,581","1,850","1,961","2,143","2,256","2,606","2,811","3,328","3,832","3,911","4,083","4,842","5,535","5,984","5,746","5,737","6,375","6,818","7,124","7,319","7,290","7,400","7,431","7,739","7,985","8,242"
"5,287","6,038","6,378","7,049","7,949","9,088","9,890","10,440","10,581","10,748","10,579","9,848","11,137","11,790","11,707","11,374","10,234","10,019","8,631","7,766","7,263","7,478","7,820","7,784","7,922","7,886","7,420","7,411","7,632","7,948","8,130","8,053","8,451","8,606","8,660","9,064","9,611","8,928","8,855","8,754","8,306","7,491","7,041","6,886","7,131","6,381","5,854","5,630","5,600","6,667","7,861","9,739","10,871","10,765","11,361","10,724","14,003","13,949","15,522","17,114","18,634","19,456","19,850","21,081","24,712","27,516","29,115","31,640","34,495","36,531","37,658","38,852","40,788","43,051","44,660","45,281","44,348","42,693","43,418","44,054","44,919","45,106","45,215","45,474","45,161","48,418","48,427","49,348","48,653"
"3,402","3,535","3,710","3,881","3,986","4,323","4,727","4,764",4323,"4,183","4,474","4,360","4,669","4,606","4,463","4,361","4,218","3,909","3,293","3,034","3,112","3,439","3,942","4,296","4,707","4,738","4,603",4610,"4,504","4,459","4,462","4,632","5,050","5,296","5,268","5,429","5,372","5,085","4,836","4,797","4,486","3,907","3,884","4,057","4,243","4,137","4,358","3,847","3,357","3,051","3,897","4,203","4,250","4,396","5,270","6,281","7,559","8,295","8,973","9,063","9,767","9,963","10,634","11,271","12,220","12,615","13,576","13,791","14,364","14,916","16,046","16,791","17,730","19,016","19,260","19,811","20,883","21,542","23,007","23,939","24,416","26,055","27,114","28,301","28,788","28,012","28,890","28,822","29,905"
"2,018","2,044","2,157","2,345","2,468","2,759","2,971","3,058","3,006","2,829","2,835","2,733","2,664","2,593","2,648","2,574","2,447","2,104","1,795","1,677","1,673","1,695","1,824","1,990","2,104","2,084","2,081","2,040","2,034","2,162","2,203","2,177","2,148","2,167","2,212","2,204","2,418","2,406","2,291","2,256","2,178","1,885","1,830","1,747","1,732","1,747","1,540","1,306","1,402","1,476","1,786","1,891","2,030","1,961","2,261","2,479","2,670","2,829","2,814","2,836","2,687","2,777","2,851","3,034","3,584","3,967","4,145","4,518","4,898","5,437","5,906","6,342","6,938","7,394","7,232","7,955","7,962","8,398","8,546","8,525","8,737","8,838","8,732","8,766","8,813","9,388","9,057","8,686","8,654"
"2,369","2,675","2,708","2,861","2,776","2,756","2,537","2,526","2,563","2,648","2,765","2,796","2,534","2,515","2,494","2,431","2,237","1,895","1,539","1,383","1,302","1,267","1,345","1,458","1,765","1,959","1,895","1,977","2,090","2,113","1,974","1,932","1,945","2,001","2,248","2,313","2,627","2,875","2,893","2,825","2,791","2,444","2,289","2,185","1,980","1,902","2,017","1,642","1,354","1,421","1,685","2,078","2,246","2,339","2,290","2,494","2,770","3,078","3,705","4,244","4,732","5,345","5,781","5,817","5,616","5,775","5,903","6,028","5,727","6,371","7,054","7,756","7,911","8,183","8,567","8,344","8,577","8,935","9,132","8,966","9,068","8,816","8,696","8,539","8,641","9,051","9,327","9,398","9,506"
"2,170","2,248","2,188","2,805","3,143","3,448","3,504","3,439","3,322","3,928","3,306","4,261","4,261","4,664","4,695","4,531","4,410","3,725","3,155","2,491","2,248","2,234","2,363","2,906","3,198","3,259","2,995","3,089","3,176","3,399","3,349","3,170","3,125","3,531","3,430","3,603","3,703","3,381","3,025","3,030","2,813","2,932","2,834","2,864","3,314","2,849","3,060","2,941","2,954","3,051","3,246","3,657","3,661","3,390","3,691","3,588","3,993","4,031","4,773","4,820","4,981","5,288","6,437","7,119","8,289","9,023","9,799","10,364","10,440","11,066","12,060","12,910","14,600","14,987","15,317","14,919","15,104","15,572","16,190","17,140","19,215","19,514","21,823","21,059","20,672","19,937","20,952","21,466","20,330"
"1,575","1,686","1,746","1,963","2,130","2,440","2,775","2,580","2,920","2,939","3,001","3,044","3,274","3,268","3,176","2,946","2,892","2,808","2,584","2,230","2,075","2,220",2304,"2,288","2,514","2,674","2,583","2,456","2,532","2,842","3,026","3,220","3,363","3,636","3,561","3,749","3,828","4,058","3,961","3,564","3,844","4,068","4,112","4,237","4,170","4,196","4,159","3,421","4,033","4,779","4,758","4,696","5,951","7,291","7,618","8,889","9,415","10,930","12,812","13,659","13,890","14,300","15,375","16,242","17,257","18,599","20,003","20,896","22,468","24,063","25,195","26,779","29,265","32,228","34,066","35,207","35,810","36,032","36,047","36,939","36,083","36,376","37,341","37,804","39,780","39,444","39,709","40,170","39,298"
451,399,382,382,433,403,514,559,523,524,524,504,574,626,666,608,605,524,441,484,576,570,627,632,650,736,698,635,641,611,620,646,621,647,696,750,766,728,723,719,695,605,592,598,561,516,454,473,453,527,643,610,655,577,641,671,806,892,861,847,"1,227","1,242","1,238","1,214","1,432","1,480","1,558","1,492","1,446","1,401","1,326","1,351","1,542","1,641","1,663","1,635","1,641","1,817","1,951","1,961","1,905","1,997","1,950","1,985","1,980","1,942","1,952","1,932","1,972"
"1,886","1,921","2,095","2,296","2,281","2,602","2,549","2,503","2,588","2,581","2,899","2,947","2,752","3,081","2,949","2,933","3,127","2,908","2,577","2,832","2,885","3,481","3,597","3,771","4,148","3,892","3,952","4,400","4,500","4,930","4,685","5,117","5,099","5,037","5,010","5,316","5,745","5,615","5,164","5,453","5,467","5,117","5,083","5,096","5,356","5,186","4,950","5,578","5,799","6,247","6,965","7,912","7,137","7,966","7,860","7,731","8,912","11,032","11,979","12,442","12,303","12,559","12,912","13,572","15,378","16,734","17,824","18,808","19,121","19,854","20,450","20,980","21,088","21,540","22,184","22,490","22,842","23,274","23,230","22,696","22,143","22,316","22,780","22,749","21,868","22,275","22,252","21,281","20,988"
"1,769","1,923","1,866","2,123","2,124","2,436","2,499","2,658","2,675","2,820","2,934","2,899","3,265","3,184","3,144","2,993","2,721",2740,"2,646","2,536","2,660","2,374","2,664","2,620","2,537","2,375","2,315","2,165","2,075","2,092","1,995","1,879","1,884","1,906","1,913","1,920","1,978","1,947","2,046","1,980","1,929","1,829","1,824","1,912","1,966","2,053","2,203","1,856","1,981","2,226","2,242","2,651","2,789","2,785","2,877","3,150","3,791","4,238","4,372","4,738","5,160","5,396","5,972","6,455","7,268","8,014","8,821","9,665","9,274","10,401","10,427","10,880","10,847","10,744","10,282","9,479","9,355","8,947","8,814","8,688","9,081","9,472","9,872","10,166","10,070","10,027","10,316","9,999","9,643"
"4,687","5,168","6,303","6,691","7,103","8,115","8,995","8,689","7,460","7,487","7,206","6,503","6,926","7,306","7,731","7,656","7,571","7,511","7,447","7,506","7,392","7,829","8,241","8,161","8,589","8,591","9,132","8,732","8,912","9,571","9,547","10,071","10,138","10,334","9,622","9,550","9,197","8,338","8,264","8,028","7,342","6,754","7,037","7,743","8,049","9,079","9,547","8,471","7,874","8,630","10,852","12,465","13,824","14,944","15,002","15,124","15,157","14,913","14,510","14,604","17,755","20,742","23,879","27,612","31,639","34,267","36,423","39,113","39,318","40,631","41,112","42,349","44,771","45,879","46,617","47,718","48,849","50,591","49,358","48,883","49,546","51,577","50,233","48,738","45,478","44,113","42,904","43,594","43,704"
"1,906","2,240","2,167","2,135","2,360","2,242","2,443","2,592","2,599","2,659","2,594","2,506","2,379","2,570","2,640","2,589","2,415","2,058","1,769","1,617","1,544","1,586","1,616","1,699","1,777","1,879","1,834","1,775","1,848","1,985","1,964","2,063","2,153","2,128","2,137","2,059","2,016","1,883","1,720","1,863","1,772","1,620","1,652","1,632","1,605","1,585","1,553","1,337","1,402","1,372","1,685","1,624","1,755","1,954","2,094","2,001","1,966","2,081","2,113","2,167","2,343","2,462","2,546","2,799","3,103","3,176","3,472","3,822","4,200","4,575","4,846","5,158","5,306","5,557","5,955","6,238","6,606","7,129","7,865","8,758","9,281","9,108","9,468","9,910","9,986","9,796","9,800","9,938","10,289"
"1,471","1,563","1,717",1800,1850,1900,2000,2100,2200,2300,2400,2500,"2,571","2,680","2,591","2,651","2,537","2,512","2,251","1,922","1,781","1,846","1,893","1,886","1,970","2,158","2,168","2,060","1,890","1,970","2,080","2,011","1,967","2,066","2,057","1,975","2,068","2,179","2,121","2,056","2,019","1,829","1,667","1,544","1,700","1,730","1,841","1,879","1,738","2,127","2,422","1,936","1,585","2,633","3,425","3,793","4,494","5,359","5,481","5,974","6,208","6,561","6,719","7,251","7,700","8,084","8,682","8,718","9,601","10,606","12,251","13,143","13,676","15,855","17,410","19,239","20,476","21,397","19,569","19,469","19,335","19,219","21,502","21,698","20,768","20,366","20,585","21,426","20,742"
"3,059","3,442","3,624","3,828","3,971","4,311","4,577","4,579","4,632","4,536","4,671","4,917","4,855","4,706","4,652","4,208","3,949","3,473","3,040","2,758","2,749","2,922","3,161","3,155","3,209","3,400","3,252","3,301","3,518","3,932","3,966","3,703","3,703","3,673","3,614","3,698","3,930","4,056","3,816","3,529","3,517","3,447","3,263","3,245","3,242","-3,413","3,614","3,533","3,767","3,764","4,371","4,997","5,302","5,637","5,279","5,726","6,489","7,445","8,103","8,770","9,796","10,309","11,357","12,176","13,921","14,943","15,897","16,187","16,178","17,898","19,134","22,003","23,664","25,036","26,133","27,519","28,736","30,080","30,275","31,061","30,803","30,146","29,844","30,175","30,554","30,614","30,829","31,244","31,537"
420,437,471,503,668,721,611,604,589,548,562,538,578,544,577,522,492,412,353,342,342,361,428,464,584,595,575,577,631,674,529,586,596,645,588,602,648,674,715,742,586,548,521,466,372,260,250,283,316,336,429,551,617,680,712,738,828,914,901,964,"1,129","1,111","1,207","1,272","1,328","1,425","1,478","1,548","1,541","1,764","1,999","2,230","2,541","2,734","2,951","3,105","3,328","3,323","3,620","3,164","3,509","3,563","3,431","3,517","3,605","3,716","3,678","3,609","3,642"
936,"1,000",994,"1,077","1,124","1,200","1,230","1,268","1,367","1,123","1,266","1,303","1,266","1,183","1,232","1,064",885,826,678,605,683,836,914,"1,020","1,193","1,147","1,131","1,132","1,038","1,010","1,080","1,072","1,091","1,210","1,237","1,269","1,328","1,316","1,411","1,323","1,151","1,027",971,950,937,"1,001","1,040",953,"1,006","1,040","1,251","1,304","1,284","1,242","1,193","1,402","1,477","1,584","1,551","1,567","1,733","1,954","1,963","2,066","2,278","2,286","2,406","2,435","2,467","2,667","3,006","3,223","3,329","3,588","3,632","3,816","3,865","3,972","3,976","4,038","4,330","4,204","4,329","4,424","4,392","4,498","4,511","4,594","4,929"
203,232,188,261,245,225,255,229,163,158,186,197,230,224,243,255,241,216,231,221,229,278,263,251,300,240,285,341,329,349,373,370,352,380,399,413,431,453,442,450,622,651,608,645,665,690,635,646,748,801,848,961,"1,184","1,350","1,566","1,839","2,116","2,753","3,188","3,488","3,771","4,551","4,434","4,881","5,112","5,322","5,823","6,049","6,246","6,993","7,713","8,325","9,024","9,651","9,413","10,063","10,233","10,478","10,543","11,280","11,644","12,691","13,245","12,743","12,482","12,556","12,639","12,761","12,915"
150,133,122,125,124,184,189,198,209,229,228,257,262,269,259,262,243,242,207,210,206,237,269,268,250,235,207,193,193,169,198,192,167,144,147,180,191,164,210,198,205,205,222,224,215,244,213,240,277,219,250,248,219,283,316,326,398,445,479,581,683,782,867,"1,019","1,166","1,342","1,533","1,777","1,775","2,021","2,015","2,062","2,168","2,169","2,257","2,257","2,392","2,451","2,434","2,448","2,520","2,737","2,930","2,702","2,731","2,761","2,614","2,790","2,848"
"2,213","2,383","2,518","2,846","2,865","3,187","3,263","3,212","3,289","2,975","3,110","3,079","3,457","3,650","3,570","3,662","3,543","3,299","2,972","3,041","3,227","3,541","3,958","4,190","4,301","3,991","4,005","3,640","3,625","3,796","3,782","3,944","3,848","3,996","4,101","4,284","4,572","4,573","4,594","4,614","4,839","4,912","4,614","5,065","5,382","5,704","5,272","5,279","5,357","5,219","5,682","5,618","5,386","5,422","5,539","5,564","6,861","7,990","9,192","10,363","11,335","12,020","15,969","16,936","19,439","21,128","23,483","22,653","23,831","24,632","27,066","27,490","28,361","31,121","31,493","29,784","28,142","27,891","27,246","26,757","27,359","27,371","26,827","25,953","25,382","25,007","23,834","23,225","22,452"
353,358,381,411,489,486,546,526,548,524,604,559,651,650,656,646,667,544,506,476,524,607,630,580,637,705,665,599,628,629,7241,764,888,"1,060","1,136","1,243","1,243","1,274","1,178",987,"1,002",912,892,850,857,742,642,597,726,902,999,"1,220","1,489","1,505","1,466","1,199","1,345","1,447","1,708","1,908","2,112","2,306","2,586","2,723","3,120","3,067","3,016","3,154","3,373","3,533","3,925","4,506","4,450","4,825","4,777","4,666","5,408","5,631","5,934","6,111","6,292","6,361","6,225","6,315","6,320","6,614","6,855","6,574","6,687"
"6,820","7,367","7,583","7,819","8,135","8,856","9,089","9,613","9,807","9,349","9,891","10,379","11,263","12,067","15,409","15,353","15,883","14,397","13,399","13,221","12,796","12,995","14,090","14,749","15,246","15,313","15,587","16,097","16,328","16,530","17,069","17,345","17,659","17,552","16,904","17,207","17,569",17637,"17,906","17,658","17,504","15,760","14,085","12,781","12,452","12,059","11,928","11,693","12,945","14,329","16,071","17,705","19,367","20,459","20,856","21,639","25,494","27,945","30,510","33,109","34,507","38,449","40,842","44,560","51,232","54,895","57,862","61,736","64,569","66,750","68,486","69,709","69,108","72,289","72,899","70,199","67,533","67,065","65,198","63,751","62,485","62,974","62,174","59,959","58,455","56,461","55,262","54,073","53,428"
"1,490","1,478","1,723","1,954","2,232","2,327","2,886","2,719","2,871","3,052","3,283","3,616","3,818","4,134","4,985","4,998","5,121","4,905","4,520","4,304","4,258","4,438","4,907","5,016","5,144","5,004","5,223","5,250","5,497","5,530","5,334","5,497","5,702","5,804","5,949","5,977","5,875","5,409","4,950","4,888","6,029","5,297","5,516",5700,"5,856","5,969","7,795","8,263","9,641","10,932","10,993","11,570","12,769","12,268","13,461","14,456","14,833","15,349","14,257","15,219","16,007","16,373","16,118","16,251","16,628","17,764","18,272","19,965","21,367","23,046","27,914","27,751","27,567","27,244","26,635","27,043","27,628","28,613","29,394","30,683","31,522","32,219","33,016","34,229","34,863","35,436","35,102","34,983","35,181"
304,309,302,298,330,369,433,365,363,309,268,271,255,292,318,353,319,268,216,210,210,240,243,244,242,235,224,211,209,231,228,232,241,293,270,248,228,235,235,240,208,199,182,156,161,147,132,179,155,129,173,162,194,138,136,185,218,276,350,375,375,361,380,414,404,435,441,428,446,501,544,650,715,834,866,994,"1,027","1,025","1,147","1,238","1,327","1,363","1,416","1,452","1,486","1,487","1,423","1,512","1,513"
"5,398","6,209","7,530","8,335","8,804","9,251","9,154","8,603","9,119","8,787","8,645","8,174","8,795","9,310","8,840","8,758",8260,"7,442","7,008","6,672","6,735","7,264","8,134","8,261","8,835","9,128","9,132","9,250","9,482","10,146","10,483","10,679","11,257","11,365","11,448","11,111","11,155","11,513","11,644","11,861","11,374","10,694","10,323","10,189","9,567","9,185","9,063","8,276","7,717","9,326","11,421","12,525","12,846","13,107","13,360","13,489","14,968","17,317","18,007","18,619","20,864","22,463","24,240","26,462","30,538","31,822","35,744","38,378","40,641","41,908","44,663","46,174","48,016","48,450","46,842","45,833","45,281","45,646","44,778","44,806","45,854","49,166","50,731","51,686","51,606","51,712","50,964","50,876","51,729"
"2,513","2,677","3,281","3,484",3690,"3,614","4,164","4,096","4,110","4,192","4,570","4,256","3,904","3,938","4,058","3,921","3,522","2,777","2,268","1,897","1,909","2,122","2,224","2,229","2,297","2,401","2,430","2,390","2,423","2,479","2,600","2,664","2,666","2,754","2,706","2,679","2,693","2,671","2,776","2,808","2,829","2,776",2756,"2,893","3,230","3,640","3,729","3,667","3,187","2,896","3,133","3,736","3,609","4,186","4,250","4,796","5,281","6,500","7,480","7,872","8,330","9,708","9,639","10,448","11,608","12,285","13,340","14,821","16,409","16,631","18,151","19,593","20,542","20,892","22,393","23,181","22,780","22,702","22,448","22,913","24,414","23,889","24,197","24,210","24,396","24,514","24,024","24,830","25,496"
478,572,629,697,817,888,861,868,795,808,909,"1,060","1,035","1,080","1,041","1,038",976,816,794,864,982,"1,106","1,200","1,308","1,400","1,534","1,542","1,508","1,591","1,516","1,552","1,557","1,400","1,524","1,552","1,710","1,799","1,915","2,061","2,056","2,000","1,380","1,803","1,815","1,712","1,800","2,016","1,856","1,670","1,993","2,480","2,821","2,924","2,873","3,168","3,172","3,292","3,900","3,952","4,224","4,376","4,770","5,457","5,991","6,156","6,492","5,575","5,236","5,111","5,935","6,515","7,316","7,589","8,986","9,840","10,553","11,368","12,080","12,695","13,167","13,390","13,667","13,918","14,131","14,365","14,831","14,459","14,801","15,180"
"3,960","4,170","4,505","5,027","5,314","5,836","6,307","6,396","6,183","6,328","6,511","6,034","6,558","6,740","6,939","6,690","6,799","6,851","6,682","6,621","6,551","6,586","6,938","7,375","7,616","7,432","6,856","6,812","6,636","7,205","7,342","7,462","7,614","7,945","7,924","7,802","8,047","8,160","7,804","7,667","71,113","6,519","5,674","5,519","5,780","6,289","5,315","6,245","6,515","6,732","5,982","6,656","6,873","7,722","7,685","8,112","9,291","10,448","11,699","12,998","14,119","15,165","16,246","17,883","20,458","22,281","23,386","24,966","26,045","28,294","32,410","34,535","34,957","36,373","36,525","36,844","38,057","40,164","40,880","40,931","42,345","43,998","45,446","49,047","51,316","51,075","51,390","50,918","50,083"
315,388,362,409,366,410,463,535,460,456,589,581,564,500,411,308,348,360,371,331,346,365,403,361,350,284,248,255,257,289,305,298,253,272,274,255,262,249,266,278,310,329,350,360,365,370,378,340,404,435,408,490,524,524,559,601,689,781,878,891,963,"1,007",991,"1,179","1,469","1,586","1,749","1,710","1,719","1,856","1,833","2,031","2,100","2,175","1,908","1,966","1,926","2,045","1,983","1,894","2,025","2,149","2,481","2,522","2,220","2,086","2,065","1,999","2,039"
528,504,437,633,686,799,1000,"1,194","1,167","1,181","1,244","1,310","1,250","1,219","1,299","1,276","1,217","1,175","1,082",966,936,"1,048","1,256","1,387","1,413","1,513","1,583","1,662","1,776","1,853","1,852","1,868","1,963","2,200","2,131","2,080","2,144","2,281","2,347","2,306","2,323","2,248","2,337","2,331","2,506","2,726","3,066","3,197","3,489","4,318","5,600","6,433","6,041","7,130","7,115","7,427","8,010","8,629","9,076","9,315","9,908","11,022","11,862","12,902","14,808","16,208","17,208","17,612","17,896","18,168","19,015","19,758","20,264","20,910","21,228","21,017","21,606","22,837","22,942","22,730","22,464","22,861","23,314","23,456","23,486","22,822","22,233","21,725","21,443"
445,469,420,416,462,466,529,580,546,545,571,557,528,512,439,400,371,324,239,210,232,300,363,422,418,451,411,442,443,448,423,451,464,467,561,526,571,544,556,525,571,555,489,446,380,391,388,179,236,250,338,478,519,505,539,609,662,755,808,904,"1,037","1,050","1,133","1,020","1,256","1,341","1,374","1,487","1,553","1,708","1,871","2,063","2,242","2,417","2,498","2,613","2,781","2,911","3,016","3,088","3,454","3,350","3,306","3,333","3,430","3,431","3,530","3,644","3,641"
"1,916","2,023","2,182","2,450","2,676","2,887","2,926","2,734","2,672","2,812","3,093","3,071","3,024","3,061","3,309","3,233","2,913","2,820","2,523","2,364","2,232","2,380","2,637","2,665","2,715","2,780","2,683","2,601","2,474","2,706","2,723","2,713","2,657","2,712","2,914","3,134","3,144","3,167","3,246","3,187","3,213","2,968","2,980","2,999","3,148","3,268","3,454","3,329","3,454","3,771","4,561","4,817","5,480","5,835","6,629","7,022","7,897","7,869","8,201","7,307","7,127","7,591","7,639","7,732","10,630","10,388","11,474","11,849","12,824","14,401","15,206","15,626","16,659","21,438","22,502","22,166","23,671","24,989","25,403","25,884","26,369","25,745","26,267","27,228","26,965","27,451","28,479","28,411","28,521"
"3,396","3,201","3,864","4,561","5,056","5,068","5,385","5,190","5,347","5,214","5,904","5,948","6,400","6,989","6,831","6,070","5,814","4,835","3,644","3,394","3,291","4,246","5,675","5,792","5,958","6,424","6,604","6,960","7,781","8,509","8,622","9,268","10,091","10,531","11,123","11,308","11,890","12,203","12,084","12,278","12,854","12,392","12,313","12,215","14,014","14,331","15,989","15,709","17,238","16,833","18,937","20,717","22,517","24,575","26,522","29,892","31,502","36,149","35,259","36,682","37,532","38,534","38,821","40,437","44,022","50,042","51,677","60,467","92,013","118,195","127,766","132,383","140,351","144,510","154,865","158,008","153,056","151,782","156,534","157,617","159,255","162,193","161,695","163,016","162,186","164,652","163,552","157,900","160,295"
206,210,208,210,278,314,329,297,310,290,325,278,304,349,411,438,318,276,264,272,342,409,487,485,476,562,469,549,583,560,554,602,567,570,533,553,638,653,692,661,701,659,651,640,488,491,590,581,519,548,657,748,824,908,957,928,"1,126","1,199","1,261","1,491","1,623","1,745","1,837","1,944","2,368","2,474","2,607","2,687","2,871","3,028","3,447","3,976","4,280","4,794","5,164","5,541","5,254","5,475","5,681","5,915","6,275","6,340","6,421","6,426","6,524","6,795","6,877","6,960","7,071"
346,343,332,399,412,455,440,431,364,384,386,326,332,381,379,343,322,256,230,214,228,255,229,218,284,259,260,303,280,278,285,254,248,295,315,269,319,316,289,290,263,233,220,226,170,162,212,139,188,242,244,279,279,351,311,342,395,435,378,378,443,439,505,553,626,681,733,865,893,981,"1,048",801,828,959,"1,178","1,313","1,313","1,321","1,401","1,451","1,542","1,634","1,618","1,618","1,724","1,649","1,598","1,516","1,575"
"1,920","1,979","2,138","2,453","2,664","2,896","2,991","3,312","3,323","3,451","3,794","4,074","4,248","4,412","4,369","4,144","4,038","4,142","3,841","3,870","3,853","3,937","3,992","3,984","4,242","4,439","4,540","4,608","4,587","4,938","4,869","4,869","5,135","5,719","5,909","5,775","5,734","5,308","5,103","4,873","4,553","4,220","4,033","4,126","4,407","4,648","4,981","4,946","5,100","5,032","5,497","6,030","7,143","7,882","8,200","8,581","9,013","9,715","9,855","10,665","11,717","12,545","12,931","13,928","16,273","17,418","19,660","20,989","22,635","26,792","27,260","27,062","27,524","28,672","29,088","29,643","31,662","34,973","35,067","35,564","35,344","36,688","37,984","38,216","38,059","37,410","38,130","37,044","36,982"
"1,504","1,552","1,484","1,621","1,741","1,765","1,911","1,801","1,811","1,812","2,012","1,986","2,166","2,299","2,292","2,312","2,256",1771,"1,778","2,033","2,002","1,951","2,044","1,944","2,053","2,290","2,151","2,224","2,331","2,438","2,443","2,468","2,422","2,623",2876,"2,455","2,401","2,341","2,539","2,960","3,202","3,098","2,738","2,599","2,765","2,864","2,782","2,608","2,632","2,989","3,369","3,771","4,272","4,487","4,342","4,399","5,336","6,264","6,658","6,821","6,919","6,603","6,131","5,816","6,928","7,995","9,156","9,959","10,419","10,833","11,608","12,527","13,214","14,161","14,558","14,666","15,020","15,922","16,036","16,503","17,320","17,483","17,757","17,926","18,199","18,212","17,808","17,254","17,947"
"1,768","1,799","1,762","1,931","2,174","2,344","2,571","2,642","2,338","2,198","2,294","2,322","2,396","2,507","2,643",2691,"2,689","2,736","2,431","2,208","2,044","2,178",2309,"2,484","2,776","2,904","2,974","2,697","2,316","2,220","2,269","2,101","2,191","2,406","2,492","2,407","2,207","2,031","1,912","1,722","1,477","1,189","1,208","1,124","1,001",938,"1,063","1,058","1,086",989,"1,271","1,278","1,250","1,237","1,251","1,257","1,565","1,547","1,611","1,579","1,725","1,472","1,449","1,455","1,536","1,565","1,502","1,674","1,805","2,332","2,483","2,725","3,148","3,478","3,532","3,795","4,164","4,504","4,715","5,026","5,292","5,719","6,049","6,019","6,313","6,642","6,803","7,027","6,812"
"1,356","1,494","1,595","1,617","1,933","2,381","2,584","2,696","2,402","2,302","2,331","2,819","2,791",2775,"2,332","2,330","2,139","1,929",1706,1415,"1,439","1,588","1,705","1,915","1,991","2,017","1,880",1932,"2,216","2,210","2,281","2,336","2,282","2,617","2,640","2,784","2,953","2,887","2,811","2,844","2,830","2,709","2,607","2,172","2,768","2,973","2,493","2,036","2,147","2,587","2,992","3,299","3,347","3,432","3,677","3,980","4,385","4,714","4,845","4,974","5,395","5,717","6,126","6,325","6,775","7,438","7,775","7,992","8,422","9,521","10,337","12,340","15,698","17,951","20,052","20,336","21,033","21,644","22,065","22,189","21,927","22,618","22,307","22,443","22,332","21,973","21,998","20,474","21,285"
282,264,301,318,357,338,352,312,311,313,322,363,364,351,387,363,337,274,276,265,278,323,366,356,411,410,368,299,268,326,287,326,272,384,387,338,329,328,327,339,336,279,254,257,246,231,263,262,278,269,307,340,400,433,504,534,556,702,721,724,762,861,916,945,"1,026","1,110","1,099","1,063","1,128","1,217","1,395","1,478","1,549","1,571","1,710","1,680","1,684","1,737","1,872","1,980","2,047","2,114","2,084","2,084","2,075","2,112","2,183","2,204","2,310"
